feature,importance
numerical__District_Historical_Delay,0.12572842040460025
numerical__Land_Area_Hectares,0.11960694926289081
numerical__Approval_Days_Pending,0.11936951937754692
numerical__Rehabilitation_Progress,0.10418630801903389
numerical__Affected_Families,0.09859672487733424
numerical__Stakeholder_Score,0.05689559856571282
categorical__Legal_Dispute_No,0.048829366441955596
categorical__Legal_Dispute_Yes,0.0429920310470165
categorical__Compensation_Status_Paid,0.023397905197022492
categorical__Compensation_Status_Not Started,0.02039595601776957
categorical__Possession_Status_Full,0.01901673706094944
categorical__Possession_Status_Not Taken,0.018631422762108826
categorical__State_Andhra Pradesh,0.013790341755507706
categorical__State_Kerala,0.0136774406312053
categorical__Project_Type_Highway,0.013650696479447576
categorical__Project_Type_Power,0.013553646931033494
categorical__Project_Type_Railway,0.013115907242918667
categorical__Project_Type_Irrigation,0.01240166725737466
categorical__State_Tamil Nadu,0.012347203087316991
categorical__Compensation_Status_In Progress,0.012303089088534131
categorical__Possession_Status_Partial,0.012003281828669039
categorical__State_Karnataka,0.011300888622359404
categorical__District_Salem,0.010132309389662223
categorical__District_Kochi,0.009972906722506131
categorical__District_Chennai,0.009742975332476825
categorical__District_Trichy,0.009386996307270749
categorical__District_Tirunelveli,0.009293664841148984
categorical__District_Coimbatore,0.0091021819050677
categorical__District_Bengaluru,0.008545653045640509
categorical__District_Madurai,0.00803221049791856
