feature,shap_value,abs_shap
categorical__Legal_Dispute_No,0.10551594594056209,0.10551594594056209
categorical__Legal_Dispute_Yes,0.07920936512543512,0.07920936512543512
numerical__Rehabilitation_Progress,0.057955423425973186,0.057955423425973186
numerical__District_Historical_Delay,0.047665611606829895,0.047665611606829895
numerical__Stakeholder_Score,0.046527553099956265,0.046527553099956265
numerical__Approval_Days_Pending,0.026403563689435524,0.026403563689435524
categorical__Possession_Status_Full,0.024853168961574676,0.024853168961574676
categorical__Compensation_Status_Paid,0.018053021490011856,0.018053021490011856
numerical__Land_Area_Hectares,0.017374374647419102,0.017374374647419102
categorical__District_Chennai,-0.009449444036039815,0.009449444036039815
categorical__Compensation_Status_Not Started,-0.009012601181585691,0.009012601181585691
categorical__Possession_Status_Not Taken,-0.00813597308570657,0.00813597308570657
categorical__State_Andhra Pradesh,0.005396147532077005,0.005396147532077005
numerical__Affected_Families,0.004917947276659829,0.004917947276659829
categorical__District_Salem,0.004847686091085014,0.004847686091085014
categorical__Project_Type_Highway,-0.004790367144017739,0.004790367144017739
categorical__Project_Type_Railway,0.00461801436742221,0.00461801436742221
categorical__Compensation_Status_In Progress,0.0045025800677901354,0.0045025800677901354
categorical__State_Tamil Nadu,0.00417787936436642,0.00417787936436642
categorical__Possession_Status_Partial,0.0038459607034985505,0.0038459607034985505
categorical__District_Trichy,0.0037403668346634093,0.0037403668346634093
categorical__District_Kochi,0.0024348039393835333,0.0024348039393835333
categorical__District_Madurai,0.0018081009535528846,0.0018081009535528846
categorical__Project_Type_Irrigation,0.0017975119612773536,0.0017975119612773536
categorical__State_Karnataka,0.0012324658765118937,0.0012324658765118937
categorical__District_Tirunelveli,-0.0009451787539123272,0.0009451787539123272
categorical__Project_Type_Power,-0.0009187619248215972,0.0009187619248215972
categorical__District_Coimbatore,0.0003516245461531903,0.0003516245461531903
categorical__State_Kerala,5.1290547011845656e-05,5.1290547011845656e-05
categorical__District_Bengaluru,4.2665830420768634e-05,4.2665830420768634e-05
